Stock Index,Predicted Values
AC3235,808.2016313380003
AC3236,258.0549079650001
AC3237,1554.1704968899999
AC3238,755.9097533809996
AC3239,267.8279533420001
AC3240,361.4173751880002
AC3241,711.474214481
AC3242,891.6829232870001
AC3243,909.2500836930002
AC3244,1343.4012014499997
AC3245,301.95257204600017
AC3246,410.14807069599976
AC3247,861.7269803019999
AC3248,123.66588246849997
AC3249,127.96735128199997
AC3250,219.94786030149996
AC3251,1799.372807290001
AC3252,129.74188145899993
AC3253,293.214277812
AC3254,207.51547478499998
AC3255,994.8983920959997
AC3256,874.9991073449997
AC3257,1486.2304016200003
AC3258,470.64665285600006
AC3259,266.8863362036
AC3260,318.69472410000014
AC3261,115.11837603540005
AC3262,245.63924257400015
AC3263,375.74445266400005
AC3264,116.57906976689999
AC3265,1063.29546534
AC3266,877.0249452759998
AC3267,526.99913455
AC3268,765.2774824960001
AC3269,399.1634613729999
AC3270,828.9454842749999
AC3271,83.46795533309997
AC3272,370.37822257500005
AC3273,927.2428413519998
AC3274,627.0435296520002
AC3275,513.0408547869997
AC3276,602.177461245
AC3277,958.6131438660004
AC3278,970.0887223149998
AC3279,176.63696673679996
AC3280,426.495989737
AC3281,909.0661901009993
AC3282,132.01437751140003
AC3283,798.7162530820004
AC3284,564.8406501410002
AC3285,104.34437044010001
AC3286,873.5692683450002
AC3287,194.3304108910001
AC3288,183.60541564700006
AC3289,156.98768620200005
AC3290,185.75752836
AC3291,185.98823558700002
AC3292,90.01233888799997
AC3293,509.6515621059997
AC3294,188.13075999100002
AC3295,561.6989260940005
AC3296,93.47606610199995
AC3297,597.859823831
AC3298,791.3871857429997
AC3299,102.62373023610003
AC3300,85.93577338619998
AC3301,832.5457575659993
AC3302,131.15750587690002
AC3303,1256.6990570499993
AC3304,36.34390518339999
AC3305,264.4812032350001
AC3306,163.4514538889999
AC3307,31.438770834799985
AC3308,128.42282129400002
AC3309,265.4721997879999
AC3310,806.0265159509995
AC3311,1080.542769793
AC3312,880.6685507889996
AC3313,30.977463167499995
AC3314,77.63650056549993
AC3315,117.26148817459998
AC3316,409.02560955499985
AC3317,977.5480161689994
AC3318,548.7233944800005
AC3319,1206.025859480001
AC3320,27.855350998
AC3321,97.06321703579995
AC3322,91.30678786440001
AC3323,885.1899451489996
AC3324,81.83134627779995
AC3325,253.38824163010008
AC3326,449.8426386979998
AC3327,84.96689488979999
AC3328,71.36458985450005
AC3329,710.6145832619998
AC3330,896.8658469870005
AC3331,233.64930808799997
AC3332,773.8550861369997
AC3333,1433.52921261
AC3334,308.9930489150002
AC3335,629.3853842260006
AC3336,142.41055654800007
AC3337,627.4385410710005
AC3338,1741.1034675200008
AC3339,815.8902339460001
AC3340,78.75818076539994
AC3341,1238.4588126799986
AC3342,1206.5748744200005
AC3343,273.5456734599999
AC3344,98.0489591926
AC3345,210.79889722400003
AC3346,82.46722834339998
AC3347,287.7402474298999
AC3348,661.0745949919998
AC3349,530.2586594169995
AC3350,117.98733279470004
AC3351,755.9181719859996
AC3352,57.09385008779996
AC3353,388.7463190509999
AC3354,255.39507350499986
AC3355,620.319103696
AC3356,229.9721442708
AC3357,626.6473445050001
AC3358,1608.743610040001
AC3359,1312.5296504999997
AC3360,1188.7531384199992
AC3361,229.84203518799998
AC3362,372.694807697
AC3363,479.39537055699975
AC3364,345.07662812760003
AC3365,103.15999238650004
AC3366,352.26074635799995
AC3367,251.4978362169999
AC3368,808.2489506659996
AC3369,308.76446010799987
AC3370,570.5477908850003
AC3371,390.267214686
AC3372,475.96002880899977
AC3373,245.9014788966
AC3374,340.53351522
AC3375,1119.5089598590002
AC3376,439.59125776299976
AC3377,191.42535964400003
AC3378,376.6791386350001
AC3379,628.1913520510005
AC3380,150.547206562
AC3381,408.8173339779998
AC3382,582.2458545959998
AC3383,144.279846874
AC3384,238.007085085
AC3385,243.208164701
AC3386,116.5785820121001
AC3387,280.9556176659999
AC3388,1641.4743218000017
AC3389,272.221347576
AC3390,239.30725110599997
AC3391,821.7396984309999
AC3392,637.864041559
AC3393,449.0432183150005
AC3394,511.24421963499975
AC3395,1467.2200813400007
AC3396,50.514423016000016
AC3397,677.4609748789999
AC3398,420.419395342
AC3399,69.14546305219997
AC3400,178.669981286
AC3401,129.21349572699992
AC3402,480.0520442630002
AC3403,293.8779309570001
AC3404,85.65241470009998
AC3405,112.79879276940001
AC3406,293.1009884758001
AC3407,166.64323220699993
AC3408,699.887523773
AC3409,1222.3011186200001
AC3410,947.787936164
AC3411,982.9326534990006
AC3412,1520.0273237100007
AC3413,186.38095988780003
AC3414,311.6603086030003
AC3415,210.99928230800015
AC3416,556.9766234219998
AC3417,871.7007327899997
AC3418,150.59672076600006
AC3419,1346.4319329999998
AC3420,208.56583950599995
AC3421,209.22265411600017
AC3422,860.2408073290003
AC3423,98.63075424529995
AC3424,1169.8794308100007
AC3425,226.90281104900004
AC3426,77.65520425570001
AC3427,359.9107304670001
AC3428,759.2026962549999
AC3429,756.1857993409999
AC3430,334.0501427730002
AC3431,482.7003642319999
AC3432,505.2993834100003
AC3433,201.8761495130001
AC3434,860.3823350789993
AC3435,1105.6621450200005
AC3436,437.99012736099985
AC3437,130.14507346800005
AC3438,1522.7686229099993
AC3439,169.1091338800001
AC3440,1251.71486158
AC3441,426.9732698630001
AC3442,40.82490467479997
AC3443,624.2515523170005
AC3444,156.54942360500007
AC3445,124.1850213347
AC3446,755.1914541970003
AC3447,918.9253884190003
AC3448,132.78459804700003
AC3449,1124.1018914500003
AC3450,209.27307627899984
AC3451,1062.4182457709994
AC3452,719.2759390380005
AC3453,646.8235358660003
AC3454,70.23623206589996
AC3455,732.4775739280003
AC3456,168.62007023100003
AC3457,619.42569679
AC3458,740.6669912989995
AC3459,1787.3585189200019
AC3460,521.4283833479998
AC3461,580.8343174979999
AC3462,479.8047322360001
AC3463,1262.7080010900004
AC3464,268.80032421699985
AC3465,612.5841159099996
AC3466,148.62450209440004
AC3467,154.802014541
AC3468,1393.2317069
AC3469,284.99081886500005
AC3470,355.1553462730002
AC3471,676.0594187180001
AC3472,235.58518190200007
AC3473,412.67803974099996
AC3474,419.78546383799994
AC3475,87.82569454739996
AC3476,561.8331742790003
AC3477,773.7166745789999
AC3478,121.37926200709997
AC3479,212.7730328637999
AC3480,144.20293020100004
AC3481,1109.6429433100006
AC3482,390.59465311499997
AC3483,1011.9086617839998
AC3484,930.5640009249998
AC3485,797.2311664050003
AC3486,106.5609652995
AC3487,226.438381077
AC3488,1717.9688102300001
AC3489,806.8353191300002
AC3490,1581.1486573499997
AC3491,242.32279082499986
AC3492,967.3337011830005
AC3493,73.1803986449
AC3494,1029.4387982550006
AC3495,132.0392371014
AC3496,1305.6412165099994
AC3497,397.38443380599995
AC3498,54.69738388800001
AC3499,375.06214391600014
AC3500,102.50455659810002
AC3501,250.76516916420005
AC3502,251.03409112899993
AC3503,302.89694360900006
AC3504,1127.2013262699998
AC3505,1140.51681166
AC3506,457.31549203200007
AC3507,858.4033421569999
AC3508,935.8828702860004
AC3509,375.136152963
AC3510,1226.2545437799993
AC3511,1009.6467427629993
AC3512,984.7359374899996
AC3513,551.0485903630001
AC3514,175.50945893499997
AC3515,909.7477785860001
AC3516,552.2759363950004
AC3517,488.8199420370002
AC3518,576.586919615
AC3519,984.8493533159996
AC3520,1777.9242704900003
AC3521,744.1093089950002
AC3522,1214.8487931
AC3523,1018.1740232799988
AC3524,1182.32435449
AC3525,789.3232682969995
AC3526,445.08442863000033
AC3527,92.0028875383
AC3528,83.88325435039992
AC3529,991.5034902779996
AC3530,526.5333472190001
AC3531,592.4419384590002
AC3532,818.7195568059993
AC3533,530.9862751999999
AC3534,795.3173853550002
AC3535,899.5793644700002
AC3536,239.8655062890003
AC3537,129.59579891100003
AC3538,832.4164821590001
AC3539,1232.604380369999
AC3540,360.31359826100015
AC3541,511.6817885139998
AC3542,315.45962067200014
AC3543,1047.392368840001
AC3544,423.18369224399993
AC3545,556.2266883579999
AC3546,555.3659898170002
AC3547,591.0699839909997
AC3548,88.23510404330001
AC3549,1622.52990503
AC3550,821.8765415589997
AC3551,655.8116937159998
AC3552,332.4291790760001
AC3553,901.7051314319998
AC3554,289.80594072900016
AC3555,216.71529711380018
AC3556,1056.5369521629993
AC3557,646.4334299070006
AC3558,1285.3787581999998
AC3559,530.7494076400004
AC3560,161.55746283799996
AC3561,183.07690366900002
AC3562,775.899365055
AC3563,1087.1434743399993
AC3564,1484.4189392800004
AC3565,708.5977232790007
AC3566,299.8764989849999
AC3567,209.28675807600018
AC3568,146.09447984899995
AC3569,332.52459827000007
AC3570,781.3870207840004
AC3571,610.8526772890001
AC3572,476.71070860499987
AC3573,1296.4816556900003
AC3574,670.6945024009999
AC3575,169.164627792
AC3576,570.7224862170002
AC3577,1685.829791940001
AC3578,89.52699978350003
AC3579,1484.39229938
AC3580,125.77087986959998
AC3581,91.51355729409997
AC3582,253.87701991400002
AC3583,697.7174215419993
AC3584,184.06608165499995
AC3585,107.06038966480011
AC3586,420.8814301850002
AC3587,31.078148042399988
AC3588,216.91806607199993
AC3589,157.575310822
AC3590,286.609509474
AC3591,349.1087444529999
AC3592,286.83277649000024
AC3593,65.0474359239
AC3594,130.8882792979
AC3595,378.05151797800005
AC3596,798.6668385849996
AC3597,84.6614740385
AC3598,211.43339129300003
AC3599,1192.7607578699995
AC3600,1268.2309062699999
AC3601,973.905621642
AC3602,778.1977129649994
AC3603,1676.0518288000007
AC3604,300.545570857
AC3605,788.8937689879999
AC3606,1201.7760838899999
AC3607,38.832567787199984
AC3608,1044.6077886259998
AC3609,498.579314477
AC3610,198.26641246500003
AC3611,776.3634308830004
AC3612,99.3097651845
AC3613,1226.72281335
AC3614,467.45152169999994
AC3615,454.18768251899957
AC3616,293.6491182209999
AC3617,1284.5076176800005
AC3618,112.05086183430004
AC3619,245.17341856599995
AC3620,237.49864565599998
AC3621,822.965349601
AC3622,288.658327618
AC3623,319.44051929899996
AC3624,713.8720734579997
AC3625,256.9133192939999
AC3626,104.09587296740003
AC3627,668.1079364820002
AC3628,59.6770723175
AC3629,60.46236144829997
AC3630,594.0042169879999
AC3631,52.26373143570003
AC3632,165.684651411
AC3633,286.8424101950002
AC3634,1441.0365716700003
AC3635,281.59430527599966
AC3636,1195.9123939899996
AC3637,348.597824196
AC3638,1004.7682526019995
AC3639,202.180849935
AC3640,903.49157853
AC3641,535.8964085120002
AC3642,113.36559830070007
AC3643,610.536591711
AC3644,740.3571996790001
AC3645,1147.8400302200007
AC3646,647.9568439550002
AC3647,372.13372298699994
AC3648,224.95989636400006
AC3649,398.96386940499985
AC3650,675.44160445
AC3651,1345.7256622899995
AC3652,363.14909383999986
AC3653,595.4677954060005
AC3654,1227.6044934200006
AC3655,376.9212808440001
AC3656,361.35375177199995
AC3657,921.958662611
AC3658,858.0741043280002
AC3659,531.9250291280003
AC3660,126.82078525870008
AC3661,137.87915785009997
AC3662,302.63685186900017
AC3663,778.0115700719999
AC3664,418.157576223
AC3665,840.1091365080001
AC3666,451.62898851199986
AC3667,636.1543276400002
AC3668,1283.1015883799998
AC3669,1189.0454615099998
AC3670,419.0861957770002
AC3671,92.64486560520001
AC3672,357.3848961150002
AC3673,861.1065395650003
AC3674,908.4526333849999
AC3675,597.238518082
AC3676,1359.7616972400003
AC3677,1066.6206240939996
AC3678,1239.9455805800003
AC3679,418.56084924299995
AC3680,666.1281389289999
AC3681,581.3710565810005
AC3682,244.75348040259993
AC3683,544.8381088820003
AC3684,422.67990270080014
AC3685,145.23321045200004
AC3686,272.9237228190002
AC3687,811.8687833
AC3688,219.6220703720002
AC3689,792.2280507360001
AC3690,652.9966074880004
AC3691,492.5290980940001
AC3692,188.13506304100008
AC3693,153.35238354900002
AC3694,231.392242817
AC3695,214.2496349570002
AC3696,103.4590003174999
AC3697,333.8598136750001
AC3698,150.20254326800008
AC3699,116.45470897150003
AC3700,1149.45369955
AC3701,242.578325005
AC3702,445.88425047899966
AC3703,186.95641252
AC3704,283.17514503520005
AC3705,676.1580025360001
AC3706,650.3755817149996
AC3707,1523.0997754300013
AC3708,1219.3600472499993
AC3709,505.3794912830002
AC3710,126.28413457399995
AC3711,1061.1012218399994
AC3712,321.99707149599993
AC3713,952.8081501670001
AC3714,1498.3391789500001
AC3715,1344.5471110500002
AC3716,146.1639298686999
AC3717,836.6142711020001
AC3718,1375.1349292800003
AC3719,1054.7765397789994
AC3720,102.94846578119989
AC3721,312.185260064
AC3722,1540.9925160399996
AC3723,551.3765463210002
AC3724,83.77115429650003
AC3725,864.9132247330001
AC3726,99.01132715169996
AC3727,588.8903738990005
AC3728,291.78346282900014
AC3729,357.51128023800004
AC3730,589.8898707430002
AC3731,1008.9689034639999
AC3732,545.7785036560003
AC3733,159.922493514
AC3734,477.6356002780001
AC3735,353.8424663420002
AC3736,716.0939439035002
AC3737,517.662610399
AC3738,361.90415680599983
AC3739,67.11341905459994
AC3740,372.0040532769999
AC3741,769.7148806100007
AC3742,720.324211587
AC3743,828.1746905929998
AC3744,69.97271460559998
AC3745,102.72644173540007
AC3746,338.240153773
AC3747,395.87961422300003
AC3748,104.1411538926
AC3749,505.6245662560004
AC3750,1446.8616018000007
AC3751,55.525872357999994
AC3752,84.64352263489998
AC3753,357.92065611300006
AC3754,524.4138378110003
AC3755,63.433520261500036
AC3756,346.2182212390001
AC3757,627.5606399800002
AC3758,552.5837703920002
AC3759,546.1489222140003
AC3760,221.78174512200013
AC3761,461.39949028399985
AC3762,508.1134638459999
AC3763,895.4751874019993
AC3764,456.2705543219999
AC3765,298.06937376999986
AC3766,463.35434176100006
AC3767,79.00235580689997
AC3768,1063.53186871
AC3769,1118.5664500459993
AC3770,134.2567875479999
AC3771,700.4770989010003
AC3772,457.18521533900014
AC3773,78.74280088629996
AC3774,253.64763835099998
AC3775,39.013943114299956
AC3776,300.180415111
AC3777,99.44076050540006
AC3778,893.026063351
AC3779,1754.9004156200008
AC3780,113.58819285419995
AC3781,654.7529393569998
AC3782,113.13221150880001
AC3783,610.227234085
AC3784,294.82502633599984
AC3785,370.260993733
AC3786,411.0620102499998
AC3787,213.6055515262
AC3788,729.0912448200003
AC3789,1450.8747493700002
AC3790,913.973042351
AC3791,172.67308611199994
AC3792,813.4584036869998
AC3793,294.70978725499987
AC3794,847.3273141689999
AC3795,485.3950213519996
AC3796,310.15847958100005
AC3797,109.0652702507
AC3798,611.1384148880002
AC3799,1053.0269214659997
AC3800,82.60324820169997
AC3801,92.39046882420001
AC3802,200.14339093949988
AC3803,74.89980552859994
AC3804,23.913836539400005
AC3805,30.893113701899978
AC3806,773.0752717149999
AC3807,171.12046735400003
AC3808,1420.8835413
AC3809,190.72436409200006
AC3810,567.0519590100005
AC3811,313.2519523130001
AC3812,576.2308506729996
AC3813,1039.8986206470001
AC3814,779.4814628649999
AC3815,182.02791963599998
AC3816,808.1246461749998
AC3817,325.674497718
AC3818,1646.3751973700012
AC3819,89.68407898780002
AC3820,139.92869434599993
AC3821,252.67771931079997
AC3822,217.28131351399986
AC3823,425.77062530100005
AC3824,424.583905207
AC3825,371.6316420709999
AC3826,370.0662684270002
AC3827,580.5401084349995
AD1,152.00105318099997
AD2,389.83156488600014
AD3,73.2668224934
AD4,621.6469170949999
AD5,111.06725842580005
AD6,155.90964590699983
AD7,352.9835915480001
AD8,707.0691666019997
AD9,640.1959584260003
AD10,347.1363253110001
AD11,136.4924398663
AD12,149.02742315599994
AD13,805.5876622000001
AD14,695.7704516280005
AD15,1019.6769878329994
AD16,619.8232326360001
AD17,764.2595542520005
AD18,573.1979230139998
AD19,1542.3289511399992
AD20,199.48418919800002
AD21,824.7165994949999
AD22,1329.5584857700005
AD23,1641.882580190002
AD24,317.41846270699983
AD25,745.2480803539999
AD26,560.8740499300003
AD27,348.6622174989999
AD28,275.99048350700014
AD29,748.3415515389996
AD30,1129.7479048500004
AD31,280.21991093799994
AD32,394.0462943539999
AD33,507.39132924599966
AD34,227.0112064479999
AD35,674.9680003070002
AD36,192.548176823
AD37,37.97480011129997
AD38,1571.347446560001
AD39,796.0939857010002
AD40,465.8386878619998
AD41,48.990803320000005
AD42,184.70588033900006
AD43,134.37954479900012
AD44,825.7511484619998
AD45,1713.2261133000002
AD46,519.2303241150001
AD47,209.417215695
AD48,174.82943985300008
AD49,260.56138921600007
AD50,568.8478183680003
AD51,52.166175277199976
AD52,77.6715779582
AD53,495.09053282800033
AD54,129.58956665799997
AD55,597.6167498880003
AD56,1140.33727326
AD57,845.7588191840006
AD58,1189.18669174
AD59,637.1567436229999
AD60,610.4240568889996
AD61,813.4302906199997
AD62,1640.1697600899993
AD63,720.2406802819999
AD64,984.8849341369998
AD65,185.477949187
AD66,385.87674083699994
AD67,125.86290554110008
AD68,1109.5403709999996
AD69,191.88950898000013
AD70,27.93505000689999
AD71,468.47411495600005
AD72,660.4185261990002
AD73,334.5477241830001
AD74,211.23549728499992
AD75,775.5108021649999
AD76,1395.2843286799998
AD77,273.56041198000025
AD78,414.4014149490001
AD79,1486.6765686999997
AD80,760.535065851
AD81,1180.0405836999994
AD82,604.3018766100001
AD83,99.39548223029996
AD84,484.09580601000044
AD85,1018.4076809250004
AD86,508.173364189
AD87,528.1364189280001
AD88,643.8710995830003
AD89,79.53592495049995
AD90,802.618128252
AD91,1373.5226584799987
AD92,207.71537980999994
AD93,579.2910204580005
AD94,524.379775218
AD95,148.47792713799998
AD96,687.6914379340001
AD97,344.9804772270003
AD98,1085.1449350649998
AD99,42.40271931339999
AD100,814.94797221
AD101,217.666402097
AD102,101.65650330320001
AD103,157.999606067
AD104,248.9908178389999
AD105,1002.1235898459998
AD106,886.5211984000002
AD107,1256.8419057299998
AD108,1199.7307083999995
AD109,126.30133219089994
AD110,647.8586063300003
AD111,509.06018115
AD112,1172.613693689999
AD113,341.2338988050001
AD114,269.92433143579996
AD115,327.7921756720003
AD116,613.0146311460003
AD117,833.5216153210001
AD118,124.17364602239996
AD119,339.886072992
AD120,85.4720003517
AD121,98.61421907980004
AD122,607.7063627210002
AD123,35.47096713769996
AD124,582.5263119350006
AD125,599.5913746290001
AD126,425.93201383
AD127,1267.8405895199999
AD128,421.8649306630002
AD129,612.9923954400002
AD130,265.22575830899973
AD131,831.6848172419996
AD132,505.5126612059999
AD133,725.2159208060001
AD134,389.53427478500015
AD135,1550.21427581
AD136,788.6934498230002
AD137,459.1689445400004
AD138,827.3270091839997
AD139,1511.8486191899992
AD140,392.0437540929999
AD141,84.57652634769994
AD142,781.5701142210003
AD143,129.37595531500006
AD144,131.60500410499998
AD145,179.0287298199999
AD146,1182.6872706200002
AD147,922.5544874110005
AD148,821.4152530299999
AD149,1087.0044339400001
AD150,726.5907291080001
AD151,254.3497617825999
AD152,1129.5616105799998
AD153,455.720228236
AD154,393.3728352559998
AD155,510.86453288499985
AD156,132.50971073199997
AD157,1318.74785535
AD158,382.674057793
AD159,783.0142303370003
AD160,1198.4130960499995
AD161,680.6359362489999
AD162,202.66809259999994
AD163,512.2952705350002
AD164,836.3675891779997
AD165,590.0087971190001
AD166,446.16646204099976
AD167,425.3047792739997
AD168,446.58846872500027
AD169,821.2268522729998
AD170,99.38715442520004
AD171,722.2979832980001
AD172,236.50179920999994
AD173,618.8812443330008
AD174,662.5256202269999
AD175,327.1169616410001
AD176,309.07630228700015
AD177,413.81521140700005
AD178,1232.5897576800003
AD179,878.6571154340002
AD180,74.63364950369998
AD181,1284.1985135300001
AD182,251.293655215
AD183,77.22989494349997
AD184,1342.7879325299996
AD185,459.401184784
AD186,1283.2498357200002
AD187,531.6274578600003
AD188,83.50312286719995
AD189,1121.5542278930009
AD190,371.8714339850002
AD191,101.39807229180005
AD192,622.2892316390004
AD193,37.14241186039999
AD194,263.18938968129993
AD195,575.3282968039999
AD196,843.7081413829998
AD197,1176.6483212999992
AD198,184.14998693599998
AD199,109.59810462650005
AD200,607.8440413370002
AD201,1201.8672758600007
AD202,104.64402957460007
AD203,556.7540168130004
AD204,1120.6377747480003
AD205,171.7410039150001
AD206,308.84221620599993
AD207,836.2764388040002
AD208,725.082563838
AD209,625.1857916320005
AD210,1903.57391038
AD211,391.9570268920002
AD212,1154.5007499940011
AD213,1316.81586216
AD214,395.3688816560002
AD215,597.9622844009998
AD216,47.649722170099984
AD217,1489.4076669899994
AD218,836.1415165690003
AD219,367.44206741100027
AD220,394.43231526899996
AD221,463.23291887700043
AD222,1304.02785791
AD223,57.27220739270001
AD224,854.4447605529998
AD225,471.58644181899996
AD226,1702.1082858000002
AD227,511.2036031469998
AD228,278.28818823000006
AD229,406.023091996
AD230,412.2260605790001
AD231,465.78131756899995
AD232,836.135844883
AD233,577.0061326440002
AD234,546.244346496
AD235,300.1170822950003
AD236,349.91329320200015
AD237,417.21401334000006
AD238,724.487822971
AD239,838.2315176260003
AD240,1580.7184722199993
AD241,656.235999144
AD242,90.96501202190004
AD243,899.8478653269999
AD244,629.8040643050003
AD245,303.781852093
AD246,608.9389312419996
AD247,1387.9815547300002
AD248,709.4323137160001
AD249,277.8482977509998
AD250,804.3855273559996
AD251,637.578479824
AD252,1368.4806671699998
AD253,154.00711417300008
AD254,79.88540225069997
AD255,652.8243971859996
AD256,126.1336199602
AD257,1691.40361458
AD258,567.9979536600002
AD259,241.64048073400008
AD260,683.541602515
AD261,148.76190555300002
AD262,44.42394782980002
AD263,662.2394498809997
AD264,332.739534262
AD265,726.3226363885
AD266,289.52538418000006
AD267,137.591095876
AD268,1041.0055592380008
AD269,779.5219633599995
AD270,1498.7981484999996
AD271,206.13532650800008
AD272,502.9479905330001
AD273,100.27579744810002
AD274,275.12086822899994
AD275,844.6212692799999
AD276,188.08924487100003
AD277,56.04282860629999
AD278,761.9290403009999
AD279,286.361228316
AD280,808.5770794210003
AD281,403.0889417179998
AD282,1378.4601930899998
AD283,151.6701011230001
AD284,77.60065347959996
AD285,193.73732533700002
AD286,92.52742494940001
AD287,547.7580953430002
AD288,293.3074835369999
AD289,89.6809734384
AD290,1731.23225863
AD291,196.17800990500004
AD292,833.5910696489997
AD293,744.182483281
AD294,795.793068406
AD295,260.7236146249999
AD296,535.821607971
AD297,47.64853534720001
AD298,760.2440182999995
AD299,882.3099749570001
AD300,308.71657476100006
AD301,150.44254902800003
AD302,367.171886164
AD303,502.50846696099967
AD304,964.4870044409996
AD305,582.3204921480001
AD306,394.9166341080002
AD307,190.42925173100008
AD308,385.1524938209999
AD309,209.94642233390007
AD310,577.4347049600002
AD311,750.0542406920001
AD312,1844.6520226900009
AD313,1378.9992017199995
AD314,150.46823112999996
AD315,729.6442387009998
AD316,528.0141309729999
AD317,1225.7987343500006
AD318,510.6457598770002
AD319,347.1408143139999
AD320,460.8751041189999
AD321,1137.5654693299994
AD322,362.79302915099987
AD323,54.62544416170002
AD324,675.0349254860007
AD325,1234.68219189
AD326,469.475140086
AD327,1256.1912050899998
AD328,362.4905569779998
AD329,1154.2193164800005
AD330,822.4504128169999
AD331,445.915670626
AD332,471.3886632180002
AD333,393.567946241
AD334,390.3548952950001
AD335,258.9829646139999
AD336,82.96768613409995
AD337,510.8104991129999
AD338,234.800185264
AD339,1178.5386766100005
AD340,481.34381697000003
AD341,413.5039372150002
AD342,363.86343904099994
AD343,89.80143580049999
AD344,1380.1923521900003
AD345,167.35671126399996
AD346,514.448226327
AD347,983.2158846990004
AD348,178.12406278100008
AD349,889.4396639199999
AD350,689.9890218519993
AD351,614.4250930250003
AD352,505.66260931100004
AD353,394.436402339
AD354,355.3965987920003
AD355,1555.9472554700008
AD356,422.55492922999997
AD357,73.51770003939994
AD358,504.32873014100005
AD359,144.423747617
AD360,787.5131067730008
AD361,155.87897600659997
AD362,186.77130917359997
AD363,844.9720273100004
AD364,667.757050115
AD365,215.61209629999996
AD366,171.26398767499995
AD367,267.5515938270002
AD368,165.3971623287
AD369,425.9251752489997
AD370,558.5125579219998
AD371,62.821313482200004
AD372,1396.169405650001
AD373,1402.2587117000005
AD374,217.53977938300005
AD375,802.244803505
AD376,681.4747224160005
AD377,1790.9917298299997
AD378,272.5389230460001
AD379,1247.0743084899996
AD380,99.8014929476
AD381,240.23829829599995
AD382,263.090426734
AD383,222.0759834581001
AD384,168.71582301600003
AD385,174.90568321100002
AD386,767.7790378699996
AD387,286.2514508809999
AD388,855.7166679700005
AD389,703.1555221309998
AD390,627.8923989970003
AD391,771.7124543330001
AD392,896.5083667109998
AD393,1354.5069280400003
AD394,132.417327157
AD395,335.41066075099997
AD396,177.38409280699997
AD397,972.5118942220003
AD398,394.48446859899997
AD399,1299.63812685
AD400,204.51788864200003
AD401,843.2480891940002
AD402,207.97167891599995
AD403,740.8974846849998
AD404,1309.5359555100013
AD405,311.91859575700005
AD406,282.22658414520004
AD407,473.5425672289999
AD408,330.239880146
AD409,54.945863954999965
AD410,261.75332164499997
AD411,1003.7969561760001
AD412,186.73998927500008
AD413,82.19488355669999
AD414,368.5028212360001
AD415,634.4107315000005
AD416,221.593323123
AD417,469.9854589859999
AD418,339.82424902600025
AD419,485.87874398299994
AD420,169.37864994579996
AD421,638.6540131240004
AD422,50.35963975209998
AD423,888.8273057349996
AD424,359.52284853799983
AD425,578.992043228
AD426,328.7521151800001
AD427,290.88611593300016
AD428,1187.0460648299993
AD429,283.0322605589999
AD430,278.408252058
AD431,539.462457987
AD432,363.99115684
AD433,1417.5529753300007
AD434,431.9720138050001
AD435,574.2198173850002
AD436,82.74296929299997
AD437,247.888574138
AD438,507.8185082069998
AD439,75.21528249629992
AD440,76.81704856729996
AD441,437.3120904499996
AD442,349.85165815600004
AD443,475.0557151820001
AD444,285.11585451400015
AD445,969.6215538739995
AD446,248.28334175480003
AD447,1138.9634590399996
AD448,165.65556397800015
AD449,801.9757175709997
AD450,897.5209605399999
AD451,1137.0464609200003
AD452,647.7391074629998
AD453,384.607118005
AD454,499.36160251500024
AD455,711.6024024819998
AD456,246.91467507100006
AD457,158.5268826305999
AD458,60.97279008669995
AD459,211.43417116199998
AD460,1625.1321772700003
AD461,1414.9906268600005
AD462,561.2628261420002
AD463,1539.2884172700005
AD464,565.174766433
AD465,48.02390503019998
AD466,1307.3303568099998
AD467,1091.9658674849995
AD468,185.70322590599994
AD469,341.72334638399997
AD470,1462.3770261599996
AD471,396.8942487310002
AD472,544.3006480310004
AD473,194.5326905630001
AD474,661.505101213
AD475,936.0594666469999
AD476,1713.7712398500007
AD477,889.5259612470006
AD478,191.519434181
AD479,477.7072469689999
AD480,209.6309268560001
AD481,547.8732339670001
AD482,295.1967102440001
AD483,582.6496633800002
AD484,1348.4960960799995
AD485,1364.5723852599992
AD486,103.11961749969998
AD487,356.7186134990002
AD488,632.7762244300001
AD489,904.1690428440006
AD490,714.9957535355002
AD491,133.14345419499995
AD492,75.199965372
AD493,762.4221414530003
AD494,564.2476165769998
AD495,526.5215535090003
AD496,1214.3855973700001
AD497,554.152829845
AD498,636.281839063
AD499,565.3983415380001
AD500,556.8384390260001
AD501,562.9178962020002
AD502,538.9468698730002
AD503,535.9606046920001
AD504,545.4938561719998
AD505,524.2648244215001
AD506,1191.5847184399997
AD507,184.1754618550001
AD508,661.9748391799995
AD509,680.0697058180006
AD510,122.22682224739998
AD511,97.83669670480002
AD512,505.9196791330003
AD513,253.38864319139992
AD514,90.0647070345
AD515,127.99045500659993
AD516,361.74300936499986
AD517,327.27063411200004
AD518,861.0828071110005
AD519,1001.1914343369997
AD520,780.5323701799998
AD521,1880.7501904699993
AD522,658.0717651350004
AD523,229.46566651499998
AD524,766.7858022859999
AD525,141.58599904300002
AD526,318.0234814980002
AD527,296.6002059000002
AD528,94.3871225992
AD529,165.889030387
AD530,1252.731235919999
AD531,102.73985813220001
AD532,171.71476796000013
AD533,804.5089757039999
AD534,717.2443028060001
AD535,1185.7731625300003
AD536,105.92948320489995
AD537,152.217204702
AD538,1077.3854352399994
AD539,586.7164835199999
AD540,126.14564677720001
AD541,560.6211795250001
AD542,604.4285666290003
AD543,371.90271913699985
AD544,176.37052923
AD545,1590.3050219999996
AD546,37.66004044389999
AD547,392.416928974
AD548,282.500500778
AD549,959.640818941
AD550,359.11034027099987
AD551,771.090244311
AD552,354.2448096440001
AD553,125.1974626372
AD554,595.4290687169998
AD555,359.33574825100004
AD556,354.78780211300005
AD557,381.72731461100017
AD558,445.84800021900026
AD559,1248.6000858799996
AD560,276.36681050799984
AD561,145.23379602800009
AD562,1280.1045889199993
AD563,246.93118961200008
AD564,237.0433599429999
AD565,411.31687918699987
AD566,691.0493015380002
AD567,1220.72741408
AD568,446.2721981269999
AD569,214.34107993400008
AD570,900.2641473880001
AD571,1107.02251114
AD572,790.4974510150001
AD573,625.8835694220002
AD574,1087.0232426329994
AD575,844.991284353
AD576,31.246090053199975
AD577,533.3772624349997
AD578,1213.73957169
AD579,779.8219575789999
AD580,275.0664540480002
AD581,166.36652188400006
AD582,175.19347121999996
AD583,1547.4229983699995
AD584,692.4174032720003
AD585,108.82204794439997
AD586,328.42352903700004
AD587,721.3436159700001
AD588,193.18036252520002
AD589,252.70826163999985
AD590,675.255711601
AD591,700.7264776730003
AD592,297.9418270459999
AD593,893.0719479660002
AD594,325.4483751790001
AD595,954.0416990869999
AD596,1065.2883069759998
AD597,1715.4783358800005
AD598,1320.97435045
AD599,377.318941394
AD600,293.6803694109997
AD601,203.23828763400007
AD602,667.0834211869998
AD603,243.44391707260002
AD604,132.73758839359994
AD605,619.3203501870001
AD606,950.0886417860004
AD607,163.97226503400012
AD608,443.957464921
AD609,662.3834131979996
AD610,36.47109162609999
AD611,522.5801056599997
AD612,913.3840312789997
AD613,836.7505642910002
AD614,599.4625861941
AD615,261.2252415069999
AD616,539.1456677940001
AD617,546.5737794700001
AD618,97.28000830930003
AD619,384.451377502
AD620,824.8958314820002
AD621,754.1552974860004
AD622,75.15439876469998
AD623,976.0545496730003
AD624,845.9475176779994
AD625,457.0901880660001
AD626,410.5248029659999
AD627,719.4058244100004
AD628,262.1623480911999
AD629,609.3661901440001
AD630,418.53810329199973
AD631,494.8327030989999
AD632,145.61913212599998
AD633,99.01219902440005
AD634,68.79363434779997
AD635,176.16937999219994
AD636,377.8973461009999
AD637,200.67965797500005
AD638,483.145315588
AD639,454.52514022
AD640,185.2047499660001
AD641,706.3817187020005
AD642,622.1977487110001
AD643,579.6680992219999
AD644,91.25838939729998
AD645,693.1407702863002
AD646,865.773670383
AD647,156.38831007200005
AD648,552.932987542
AD649,257.57378828600014
AD650,394.0014255709998
AD651,1171.0192673900006
AD652,639.9832619520001
AD653,388.20061316
AD654,511.62954651600006
AD655,338.00759702800025
AD656,752.403499857
AD657,872.3865707650001
AD658,236.733047813
AD659,1418.642635249999
AD660,256.6236011559999
AD661,1349.736562239999
AD662,267.19343100099996
AD663,145.49504156700007
AD664,342.46627977699995
AD665,191.13752823800007
AD666,381.369093535
AD667,182.84329473269995
AD668,339.6100477390001
AD669,311.6767723450001
AD670,1461.9673751200005
AD671,661.6718195500001
AD672,610.4690263019997
AD673,995.0388438530007
AD674,455.28742858599975
AD675,260.80446216199994
AD676,1029.0427169479995
AD677,445.6674148590001
AD678,554.3614233660005
AD679,79.02337310309994
AD680,976.1159564540005
AD681,1759.4340138400016
AD682,705.504403876
AD683,909.6298387560003
AD684,335.41580372100026
AD685,1711.175920350001
AD686,1280.35797321
AD687,413.0983471190003
AD688,1702.5729395100016
AD689,405.98545123200006
AD690,397.472352759
AD691,1059.877565449999
AD692,364.5329530030001
AD693,69.06848270629999
AD694,58.522954065499995
AD695,704.9620059890004
AD696,861.3421474269999
AD697,250.479398256
AD698,822.1898074370002
AD699,902.5307589429997
AD700,131.97515373900006
AD701,973.7015473790001
AD702,976.166014882
AD703,539.5727816589998
AD704,403.3681874259998
AD705,201.03163394999999
AD706,169.86442435799995
AD707,822.4064444600003
AD708,716.8626027420001
AD709,473.39844735100013
AD710,102.60066696510005
AD711,474.31512810900017
AD712,489.2705522349999
AD713,172.42185551900005
AD714,27.70015763869999
AD715,235.73356525900016
AD716,502.4771115979999
AD717,228.57930083399998
AD718,500.92691793100073
AD719,1035.9669725279991
AD720,94.61647385519998
AD721,298.3767902510001
AD722,760.1397382519995
AD723,196.4028183130001
AD724,535.0602922810001
AD725,448.1008206119997
AD726,518.0055621690002
AD727,1338.3851397899991
AD728,895.6757670449997
AD729,803.6504470929997
AD730,975.0901483470008
AD731,418.3841100029999
AD732,222.26505995399998
AD733,578.7244935180001
AD734,420.2208777329999
AD735,315.70407912220014
AD736,603.7550699869998
AD737,1264.06600239
AD738,372.841621249
AD739,841.3347759569994
AD740,500.2999103169996
AD741,157.76995709399998
AD742,899.8299782820002
AD743,467.73232677899983
AD744,1383.3612061000003
AD745,95.00216960729999
AD746,100.52945814420005
AD747,1261.5857958800004
AD748,944.933305637
AD749,664.9907282730003
AD750,299.9181717610001
AD751,1147.9255147400008
AD752,159.58853070619992
AD753,63.412559085299996
AD754,860.4106577290005
AD755,394.628597254
AD756,385.12454478000006
AD757,829.4836146910003
AD758,747.543285104
AD759,708.6652448970001
AD760,94.87242671780001
AD761,1210.7160120999986
AD762,708.9260029020003
AD763,539.9372797399999
AD764,183.36118903400006
AD765,78.23505501479997
AD766,414.9943287419999
AD767,305.957466461
AD768,173.093093522
AD769,50.28087696299996
AD770,193.33050564800004
AD771,60.778556502200026
AD772,253.84761022999996
AD773,280.71673130700003
AD774,462.46102671500006
AD775,235.68031859699985
AD776,932.2954779309995
AD777,603.0470079179996
AD778,602.7732407379999
AD779,690.214877363
AD780,770.7781486810001
AD781,468.560084832
AD782,560.9598093530002
AD783,519.355219723
AD784,502.89693558399995
AD785,72.53047640139997
AD786,330.23405093499997
AD787,350.1022133100001
AD788,295.60429283900027
AD789,827.5489886179997
AD790,214.61111443999994
AD791,1030.9182893779998
AD792,1098.7074643129995
AD793,1775.7083992500004
AD794,447.36398399899986
AD795,1074.4823785590008
AD796,720.4956204610006
AD797,1247.1266684000002
AD798,181.30225788099995
AD799,223.8196038029999
AD800,1442.09398017
AD801,1293.41352207
AD802,292.64121896979987
AD803,748.5509780110001
AD804,160.02710383469994
AD805,921.5828006670001
AD806,154.57813835800002
AD807,1120.4747967999997
AD808,305.64924327500006
AD809,363.06350740800036
AD810,401.33092923799995
AD811,178.08787443290007
AD812,817.2028362409999
AD813,499.753118586
AD814,1221.5027655299998
AD815,269.68961935699974
AD816,1257.3309205599994
AD817,53.543775522600015
AD818,523.8532355580004
AD819,49.60968787609999
AD820,1094.7097993300001
AD821,407.94026665299975
AD822,896.121801588
AD823,901.3748528739994
AD824,1040.325705426
AD825,305.2234361330001
AD826,326.44613314980006
AD827,584.0293370180002
AD828,304.4098837199999
AD829,555.1169147660001
AD830,224.40738829499998
AD831,60.65710845099997
AD832,152.71503034300002
AD833,344.6208321870002
AD834,237.40627550500008
AD835,705.0160702830003
AD836,198.22066786770006
AD837,661.5579322469998
AD838,673.5298433280001
AD839,1634.8892445200013
AD840,367.90468791800004
AD841,414.056278672
AD842,265.3519764549999
AD843,699.6407189970005
AD844,927.6549252930004
AD845,563.611167278
AD846,543.1550329820004
AD847,486.1557601600002
AD848,338.28040427720015
AD849,1135.612716729
AD850,171.9653820569999
AD851,620.4104917569999
AD852,143.42111575800007
AD853,511.336586964
AD854,986.7771591370005
AD855,210.83557753020006
AD856,1269.1531567499999
AD857,306.99095191199996
AD858,215.71042673370002
AD859,771.5103548839999
AD860,1607.4192919200007
AD861,362.9337418878001
AD862,492.6867528669998
AD863,1317.2343148899997
AD864,81.34040504119997
AD865,643.2253840920001
AD866,974.8857286340001
AD867,189.41935821599992
AD868,217.7153337489999
AD869,824.5859168160006
AD870,1345.59638005
AD871,548.9505325349999
AD872,443.39666440599996
AD873,158.4830863490001
AD874,579.3583593639999
AD875,164.071583927
AD876,88.82540688589995
AD877,1427.1698415200008
AD878,349.145414971
AD879,443.327968148
AD880,777.0866308169996
AD881,164.623718038
AD882,585.0933323900002
AD883,1642.250952610001
AD884,413.58959122499977
AD885,990.585874842
AD886,259.10384820709993
AD887,615.0454522509999
AD888,526.9562688670004
AD889,479.94439551299985
AD890,398.64086040599983
AD891,306.6056288780001
AD892,668.3810436050002
AD893,639.602209255
AD894,727.291950097
AD895,1159.42184027
AD896,597.4083395189999
AD897,835.3344243369997
AD898,204.51425412179998
AD899,1060.1278206989987
AD900,448.51465732400015
AD901,183.53779540899998
AD902,401.29614143799995
AD903,419.0929130280004
AD904,151.42230285180003
AD905,1345.86588667
AD906,1059.3213371909997
AD907,842.2399062849998
AD908,1468.8719094000003
AD909,210.545770639
AD910,370.68867362000003
AD911,503.66877795899995
AD912,463.0290628580002
AD913,1378.7318399600001
AD914,928.02465291
AD915,673.0779794809999
AD916,80.86173410009995
AD917,337.8739598890003
AD918,236.62356982399996
AD919,658.4722950079995
AD920,338.765024737
AD921,80.0138049134
AD922,943.5977559029997
AD923,1218.3219438799993
AD924,893.6603347600001
AD925,47.744512149199984
AD926,643.7070185959997
AD927,472.41929912599994
AD928,86.9868350861
AD929,403.824769238
AD930,905.0350439220005
AD931,487.1916066449997
AD932,1031.7246493609998
AD933,1138.8595869600001
AD934,172.33373947000004
AD935,1245.8600833599999
AD936,1398.9403413900002
AD937,252.51260622299992
AD938,147.69041030600008
AD939,493.8232810789998
AD940,641.7821711260002
AD941,1026.642326261
AD942,183.11907003989995
AD943,601.0138383100004
AD944,187.43311911900003
AD945,243.03613026000005
AD946,219.8561103050001
AD947,1323.9695588600005
AD948,395.40452870599984
AD949,344.471337373
AD950,25.56055740769999
AD951,141.50289858000005
AD952,300.654180587
AD953,653.6712497550004
AD954,73.79979777549995
AD955,232.7923338438
AD956,536.0596841249999
AD957,1372.3852451200003
AD958,275.56429229699995
AD959,237.12823949810013
AD960,1438.2737247199998
AD961,825.9127022030001
AD962,452.60437906200013
AD963,647.4091863509999
AD964,483.10013037900023
AD965,631.1992307859997
AD966,805.7250112249998
AD967,1100.46664833
AD968,389.61740448700016
AD969,519.503380814
AD970,287.89897661599997
AD971,307.01471425100004
AD972,216.52995235400002
AD973,1166.536384340001
AD974,355.6628735431999
AD975,156.98280392299995
AD976,249.34585271900008
AD977,209.39303350699993
AD978,287.4546756151
AD979,159.06638585700003
AD980,99.34794925799997
AD981,560.0304792749998
AD982,439.56734393999994
AD983,266.58941594780003
AD984,477.1983715760001
AD985,282.21056757000014
AD986,518.5157310659998
AD987,193.94983956599998
AD988,37.55748088999999
AD989,377.45545274399973
AD990,397.1637877310001
AD991,1129.0890968700003
AD992,37.31980242729998
AD993,217.55682448799988
AD994,382.27874489000004
AD995,150.5432792822
AD996,918.7812433830001
AD997,41.12354842899997
AD998,922.1653574980004
AD999,1206.9650128599997
AD1000,91.4257283862
AD1001,206.14033283100002
AD1002,125.37792598390006
AD1003,493.4028124830001
AD1004,234.52178608999998
AD1005,261.504542918
AD1006,348.80994517600027
AD1007,499.606297753
AD1008,332.5919257449998
AD1009,278.066442624
AD1010,1193.3182449600004
AD1011,1483.8739871400003
AD1012,266.94120598400013
AD1013,220.13148151699988
AD1014,527.3048482930002
AD1015,692.6106800120002
AD1016,971.6063484630006
AD1017,987.0160307240002
AD1018,166.19048087700006
AD1019,510.9387032839999
AD1020,456.8015161160001
AD1021,1727.883928839999
AD1022,445.1905714569996
AD1023,1079.445841450999
AD1024,975.8225825999999
AD1025,960.637835774999
AD1026,796.5482184040001
AD1027,343.14573861899987
AD1028,38.76414411679998
AD1029,957.740872752
AD1030,889.5881739740005
AD1031,244.486116837
AD1032,889.8479179850001
AD1033,1346.2080639200003
AD1034,726.8154679110002
AD1035,172.20878930600003
AD1036,1309.3808734
AD1037,320.9353333489998
AD1038,1602.6980993899995
AD1039,543.1828606129998
AD1040,398.2605269020002
AD1041,460.225152657
AD1042,1118.0436773200004
AD1043,1306.2281043900005
AD1044,295.18872895600003
AD1045,951.9956381590005
AD1046,757.2116339759996
AD1047,791.2317657699996
AD1048,255.0346937860001
AD1049,1459.9446394500012
AD1050,43.202238008899975
AD1051,319.379758865
AD1052,216.27818843399993
AD1053,176.5653565482
AD1054,1039.9676827579997
AD1055,463.2819226159998
AD1056,1119.5758968260006
AD1057,1302.2160255199994
AD1058,1152.0726736299998
AD1059,526.166427172
AD1060,1722.8340825500004
AD1061,319.87514349200006
AD1062,815.4541956010002
AD1063,533.7996189669997
AD1064,466.4266932449999
AD1065,728.1175920660004
AD1066,1525.2855897300005
AD1067,806.4527486370004
AD1068,87.70523895269997
AD1069,461.86286257300003
AD1070,850.941287871
AD1071,650.2044164280004
AD1072,1164.36338458
AD1073,996.5332331540003
AD1074,401.7237334609997
AD1075,497.0715528579997
AD1076,633.0368298009998
AD1077,863.4039713750001
AD1078,1150.6106494800008
AD1079,1239.5985228399989
AD1080,154.99490919299998
AD1081,476.8708342579999
AD1082,1286.7177992500003
AD1083,388.37939718299975
AD1084,521.8822517739998
AD1085,427.49999890600003
AD1086,526.8918043030003
AD1087,70.50253026430003
AD1088,696.5295125019999
AD1089,137.13415343350005
AD1090,1177.3185314
AD1091,987.2566893290001
AD1092,162.28234640199994
AD1093,1628.40212117
AD1094,478.676952052
AD1095,122.76179263300004
AD1096,235.555015396
AD1097,300.47036264020005
AD1098,168.41208478199994
AD1099,590.7193908710003
AD1100,563.0019866030002
AD1101,566.9944963450001
AD1102,550.9754023670002
AD1103,554.9448965630002
AD1104,553.2657364410003
AD1105,530.9775553570001
AD1106,551.6990183220001
AD1107,571.6605379080002
AD1108,599.5557341010004
AD1109,529.9979162670002
AD1110,564.3906017700003
AD1111,547.3443081720002
AD1112,624.5642526729999
AD1113,531.1172055890003
AD1114,552.1693135089998
AD1115,539.5331736820001
AD1116,566.5546530999997
AD1117,562.157795621
AD1118,618.3348018190002
AD1119,540.8921686250001
AD1120,556.9748342429998
AD1121,593.1659130780001
AD1122,552.6885835520002
AD1123,601.6038137809999
AD1124,548.6988352860004
AD1125,553.2142352380001
AD1126,550.9118004390002
AD1127,525.5092090770002
AD1128,552.6468315220002
AD1129,619.1184278590001
AD1130,557.0206468590001
AD1131,600.1795167750005
AD1132,559.4888726460001
AD1133,550.3293950319999
AD1134,568.7454257360001
AD1135,555.0817201020001
AD1136,546.9279357260002
AD1137,542.650242941
AD1138,562.2451475370001
AD1139,553.5052549830002
AD1140,550.1753736100001
AD1141,559.4512050039998
AD1142,556.0676753070004
AD1143,543.8764617359999
AD1144,551.579183483
AD1145,541.1152604860001
AD1146,524.858995868
AD1147,557.3186854700002
AD1148,571.4506319509999
AD1149,539.656817015
AD1150,544.57859209
AD1151,563.9203288100002
AD1152,510.75077465800024
AD1153,517.0883163690002
AD1154,553.2813089800001
AD1155,562.1293847980004
AD1156,557.7523573200001
AD1157,531.3513424549999
AD1158,558.4974491580004
AD1159,538.023315688
AD1160,517.6523435560002
AD1161,547.2737249849998
AD1162,545.120092576
AD1163,561.7881489110001
AD1164,560.8794958220001
AD1165,531.6362471200002
AD1166,555.8393269780001
AD1167,566.9775942689996
AD1168,548.6296667330002
AD1169,549.0073386790002
AD1170,568.5986065140002
AD1171,572.8374803580001
AD1172,531.2814027340005
AD1173,559.8952067010001
AD1174,555.9286000200002
AD1175,564.3683569020001
AD1176,562.4492052730004
AD1177,527.1121027199999
AD1178,539.8509459930002
AD1179,592.6510457390002
AD1180,563.002535025
AD1181,551.8063858800003
AD1182,565.0509075490004
AD1183,535.537581656
AD1184,582.9801581652999
AD1185,560.2678201980002
AD1186,560.2220125869999
AD1187,515.868736564
AD1188,569.9210437500001
AD1189,582.3707720920003
AD1190,567.4479614260003
AD1191,554.8507302800002
AD1192,575.1611405740002
AD1193,567.522707842
AD1194,554.334111446
AD1195,571.8954391370002
AD1196,550.4622056310003
AD1197,575.6348887800002
AD1198,539.3852563579997
AD1199,548.8329622660002
AD1200,547.294449021
AD1201,553.921818242
AD1202,568.6291305250002
AD1203,533.3762998380005
AD1204,565.5305768430003
AD1205,625.3428002030001
AD1206,570.495180318
AD1207,524.1113346230002
AD1208,561.440616943
AD1209,562.935111434
AD1210,537.349997666
AD1211,549.0246915550001
AD1212,548.1591940200001
AD1213,580.3226333290003
AD1214,523.8411561540004
AD1215,624.793178573
AD1216,527.0240520640002
AD1217,568.608593226
AD1218,550.1077902100002
AD1219,547.576036538
AD1220,565.2392471490004
AD1221,527.0035271930003
AD1222,556.5705542010002
AD1223,547.5399729050001
AD1224,551.9619822390001
AD1225,540.1267700469999
AD1226,554.8155635280001
AD1227,541.1556334810005
AD1228,606.2851118050003
AD1229,607.1161153660003
AD1230,560.7279308000002
AD1231,559.276624434
AD1232,554.4810295310002
AD1233,556.0390161670001
AD1234,554.6345069199998
AD1235,594.1439910295003
AD1236,544.2876720260001
AD1237,637.3467688540002
AD1238,559.8843134820003
AD1239,555.1927078490002
AD1240,558.5861906030001
AD1241,568.7854080269999
AD1242,560.3937075090001
AD1243,563.5811202470003
AD1244,508.2053747189997
AD1245,550.8561617709998
AD1246,544.7361236119999
AD1247,576.6535554050004
AD1248,568.3828552240003
AD1249,545.7968790440002
AD1250,568.3029416310002
AD1251,562.2453197870003
AD1252,552.5325032955002
AD1253,585.4601160555001
AD1254,568.0399932660004
AD1255,565.0989903989998
AD1256,525.2153437190001
AD1257,525.790019698
AD1258,531.1823711760002
AD1259,570.7554259580006
AD1260,560.4588659609999
AD1261,561.2089032230004
AD1262,537.7283281520001
AD1263,544.382838129
AD1264,565.0348663919999
AD1265,555.7080439460004
AD1266,562.164983508
AD1267,561.1491214160002
AD1268,580.3266469730003
AD1269,498.13027734200034
AD1270,558.139316668
AD1271,555.8055830290002
AD1272,604.5748425270001
AD1273,551.8104291970001
AD1274,560.9863777520001
AD1275,554.0352561129998
AD1276,703.5528764890004
AD1277,578.3345296440001
AD1278,559.2886757920003
AD1279,556.8251092790003
AD1280,553.0658789180002
AD1281,558.3122467760002
AD1282,561.6677112670001
AD1283,529.4877591050001
AD1284,554.9206779134998
AD1285,558.5175659240002
AD1286,584.870636227
AD1287,550.3507368978003
AD1288,557.8470651079999
AD1289,540.4395812300004
AD1290,569.8855707690003
AD1291,527.1596957089997
AD1292,518.8432598060001
AD1293,557.9453891339999
AD1294,559.1172982149999
AD1295,636.118828382
AD1296,602.4226681920004
AD1297,561.8290690980003
AD1298,545.2157699720003
AD1299,554.58859747
AD1300,565.0488961005003
AD1301,606.8305922360004
AD1302,610.8717949130001
AD1303,603.6906028780005
AD1304,547.285390368
AD1305,556.7214125810001
AD1306,546.5735238920001
AD1307,542.1557786059999
AD1308,544.6065416770002
AD1309,574.094484279
AD1310,552.3882847720001
AD1311,561.160064679
AD1312,548.9978502985
AD1313,535.2609426700002
AD1314,550.497460067
AD1315,565.13115632
AD1316,550.7356408390003
AD1317,533.1271614045
AD1318,534.8813076389999
AD1319,554.8925972049997
AD1320,539.8719582990001
AD1321,576.4952859530005
AD1322,555.1858411840001
AD1323,530.5307939270002
AD1324,556.5732461990001
AD1325,564.8331532730003
AD1326,549.9598711970002
AD1327,556.223712259
AD1328,554.537369159
AD1329,559.1666319300001
AD1330,526.0508425630001
AD1331,548.4651286719999
AD1332,534.9990158920003
AD1333,556.7874286050002
AD1334,824.4599310619997
AD1335,581.2519120740005
AD1336,141.30728452300002
AD1337,82.88436989699994
AD1338,109.38800824689999
AD1339,392.0204479189999
AD1340,452.5724827420001
AD1341,1027.7436727569998
AD1342,411.72501692099996
AD1343,508.907833217
AD1344,293.75223836700013
AD1345,1266.68875743
AD1346,1498.077278989999
AD1347,820.0419561919996
AD1348,200.13688004419998
AD1349,424.2499041009998
AD1350,682.3041709130001
AD1351,255.26226340680006
AD1352,440.50784817299973
AD1353,375.73829062899983
AD1354,50.655872798500006
AD1355,486.302614003
AD1356,118.83048825330005
AD1357,112.15523595980011
AD1358,55.74658537849998
AD1359,564.188494814
AD1360,173.944489111
AD1361,241.84056163099999
AD1362,441.27868254700013
AD1363,400.9842699489998
AD1364,223.86699555400006
AD1365,686.894846995
AD1366,312.1311844810001
AD1367,576.0860979809999
AD1368,995.1562955559999
AD1369,338.2465715689999
AD1370,947.8759839000004
AD1371,365.4507925599999
AD1372,137.53391682309996
AD1373,714.8135848379998
AD1374,109.46807376000004
AD1375,1081.5617363589997
AD1376,446.7307536539998
AD1377,1220.2005355400004
AD1378,1164.8944945199994
AD1379,410.1650958510002
AD1380,151.770189285
AD1381,463.0345455800002
AD1382,143.5387268732
AD1383,324.9643725640001
AD1384,1189.3126606299995
AD1385,99.35272984650001
AD1386,1860.96474494
AD1387,377.0638129010002
AD1388,344.8839763730003
AD1389,628.005927784
AD1390,553.1375660610001
AD1391,777.1144137889996
AD1392,513.4201596140002
AD1393,913.0838770099997
AD1394,461.29031611399995
AD1395,1465.0649575400007
AD1396,273.21098803200005
AD1397,222.6731282313999
AD1398,102.79356724609997
AD1399,838.3636760529998
AD1400,1497.5564094699992
AD1401,1097.78821177
AD1402,351.781804844
AD1403,880.5463739820005
AD1404,154.753140842
AD1405,1299.7624470699996
AD1406,261.72489958900024
AD1407,135.610665925
AD1408,666.4995038139998
AD1409,1487.7934314300007
AD1410,356.81496572699996
AD1411,131.653242762
AD1412,763.6953570459997
AD1413,138.57170887700005
AD1414,131.246524947
AD1415,168.01746548300005
AD1416,952.0160203309999
AD1417,351.488855253
AD1418,1441.7540595200003
AD1419,165.5549712910001
AD1420,340.812246795
AD1421,166.73096948000006
AD1422,398.2217446400001
AD1423,883.1287729669999
AD1424,112.92554246470009
AD1425,879.1534652799994
AD1426,687.4798541020002
AD1427,362.365343538
AD1428,78.34556763559995
AD1429,1320.1557043300002
AD1430,1387.2208906600001
AD1431,1099.3972596299993
AD1432,320.56578238800006
AD1433,1657.00324361
AD1434,147.98865657200002
AD1435,1021.6610161900004
AD1436,364.1348198730001
AD1437,577.0192164203004
AD1438,295.7817674906001
AD1439,295.3396349881999
AD1440,50.56114187879997
AD1441,517.3100463170002
AD1442,616.7332847869999
AD1443,556.769741461
AD1444,193.080632811
AD1445,1883.5191001000007
AD1446,393.846948205
AD1447,1448.2672707199997
AD1448,320.729152614
AD1449,182.33888706399986
AD1450,68.89229370740003
AD1451,225.82508765300017
AD1452,417.64514028499985
AD1453,188.9323927771001
AD1454,1602.4293197500003
AD1455,703.7502708330003
AD1456,212.85011501099987
AD1457,318.317298136
AD1458,362.21504901299994
AD1459,191.6577964500001
AD1460,306.8519204809999
AD1461,1556.90771606
AD1462,367.76819876799993
AD1463,167.50631622099993
AD1464,979.5853192580004
AD1465,81.2271540208
AD1466,82.7111360656
AD1467,128.711580041
AD1468,56.717946543199986
AD1469,577.483219542
AD1470,534.9893706750004
AD1471,326.7352962849998
AD1472,465.69623696400015
AD1473,34.48033503939999
AD1474,839.8469249210002
AD1475,555.4637573830005
AD1476,1189.0262869
AD1477,1026.3978218619998
AD1478,365.3588834970003
AD1479,370.10766677379974
AD1480,1065.2009980749992
AD1481,310.2737026009999
AD1482,174.22119137500002
AD1483,232.68379191439988
AD1484,466.9841719620002
AD1485,153.4659935770001
AD1486,112.36809403820003
AD1487,578.6956208150002
AD1488,685.996021743
AD1489,60.21691320099999
AD1490,447.0141859550002
AD1491,327.84358368399995
AD1492,865.6528404810001
AD1493,1184.3958970499996
AD1494,573.6902976569999
AD1495,141.49723138000002
AD1496,1428.0080446800002
AD1497,416.4588145480003
AD1498,98.30013055530002
AD1499,555.3044506350001
AD1500,604.7133895829999
AD1501,109.82597695720004
AD1502,1465.306347920001
AD1503,226.6832276269999
AD1504,763.9873602189996
AD1505,999.0162718680002
AD1506,610.7548809060003
AD1507,631.5134589049995
AD1508,658.12634004
AD1509,203.28755642800013
AD1510,950.1904552150003
AD1511,522.6141828660001
AD1512,465.67182961500004
AD1513,403.482716592
AD1514,988.063141631
AD1515,669.5883454430001
AD1516,728.941896644
AD1517,1755.2106487400006
AD1518,94.38127446009999
AD1519,502.90856912699985
AD1520,344.4776838110001
AD1521,110.81818547840004
AD1522,106.38366885299989
AD1523,671.0803223635002
AD1524,547.6031124680005
AD1525,345.5215773040001
AD1526,234.75706304110008
AD1527,535.9529786720002
AD1528,870.504511341
AD1529,1795.6412082799993
AD1530,329.92173911000015
AD1531,310.81799266199994
AD1532,1298.61548808
AD1533,451.39198436500004
AD1534,521.4181534990001
AD1535,584.7062103800004
AD1536,414.4140511239999
AD1537,1240.42736229
AD1538,42.355261294899975
AD1539,450.3781847760003
AD1540,1343.5617968600004
AD1541,828.0393982920004
AD1542,212.4784851920001
AD1543,270.123211367
AD1544,67.06356367549998
AD1545,594.967637311
AD1546,964.6285455590005
AD1547,259.10326934599993
AD1548,65.5027967924
AD1549,690.1371584689998
AD1550,625.8697263700003
AD1551,165.749843151
AD1552,145.68935562800002
AD1553,564.3298794449998
AD1554,323.09771974160014
AD1555,645.0355522069998
AD1556,84.51747880950002
AD1557,412.73337766099996
AD1558,874.4205364739995
AD1559,150.90132752200006
AD1560,466.3417790200001
AD1561,819.7221907250001
AD1562,1569.2689341700002
AD1563,390.908701189
AD1564,588.8534391049996
AD1565,891.4192278969999
AD1566,131.5615228127999
AD1567,196.62856831500005
AD1568,1163.1064844600003
AD1569,28.809418205999997
AD1570,1331.619592720001
AD1571,740.3023269239997
AD1572,973.3795997620003
AD1573,1313.402808470001
AD1574,193.913332551
AD1575,710.1900031260005
AD1576,133.36881530209996
AD1577,94.62587283210001
AD1578,867.3278001200001
AD1579,77.2471870772
AD1580,203.19120216820002
AD1581,488.5419411270002
AD1582,245.18453648700003
AD1583,1627.7022386599992
AD1584,414.8440889359999
AD1585,114.30506581599997
AD1586,194.25389341899998
AD1587,707.8483006570003
AD1588,235.3449208600001
AD1589,224.1602740508
AD1590,216.6578829510001
AD1591,274.9143658510001
AD1592,1073.5091235080008
AD1593,216.838818828
AD1594,309.944711135
AD1595,172.9585249624001
AD1596,376.8077793089999
AD1597,99.109372083
AD1598,417.8633980429999
AD1599,397.37226895
AD1600,143.49671507900004
AD1601,84.35089279760001
AD1602,219.2527439190001
AD1603,290.0687952129998
AD1604,84.5520349243
AD1605,324.90094797600005
AD1606,1739.2493097899996
AD1607,489.7441038210002
AD1608,212.55927948699994
AD1609,1270.24823572
AD1610,280.50997987200014
AD1611,76.22345859969992
AD1612,299.4663606189999
AD1613,854.3214213719993
AD1614,1816.5936293399996
AD1615,1150.9789975200003
AD1616,271.91879953999984
AD1617,254.900618238
AD1618,437.010480296
AD1619,719.8273651269999
AD1620,147.44645221300007
AD1621,172.81166603100007
AD1622,336.29953260700006
AD1623,300.467890969
AD1624,932.6970661350003
AD1625,1238.8666193699996
AD1626,208.03398916299997
AD1627,691.800823316
AD1628,348.81792816300003
AD1629,385.18381426900015
AD1630,228.98220591179998
AD1631,488.11411585800045
AD1632,235.57445871780004
AD1633,1739.3267710900006
AD1634,238.75846845
AD1635,1111.2998954700004
AD1636,240.11963038700014
AD1637,1220.018603009999
AD1638,121.24457469860006
AD1639,297.02617638400005
AD1640,327.89171772599997
AD1641,373.8261309439999
AD1642,268.4562628689999
AD1643,791.4308093709999
AD1644,440.9232138920002
AD1645,525.5741596440001
AD1646,323.185794278
AD1647,340.07442169300003
AD1648,961.9759069510002
AD1649,1263.3459905600005
AD1650,213.788013058
AD1651,348.91073090599986
AD1652,656.601936937
AD1653,1098.4556288199992
AD1654,39.44256821679998
AD1655,268.71168703600006
AD1656,51.04306308120001
AD1657,451.6987105180001
AD1658,125.97463632830001
AD1659,1125.4509320799998
AD1660,954.3519412040006
AD1661,1637.4940525999991
AD1662,423.2593408390003
AD1663,282.8441798599998
AD1664,148.06782166799994
AD1665,296.62364904800023
AD1666,167.15434726999996
AD1667,282.94292516300015
AD1668,69.58353725520004
AD1669,86.02400030850005
AD1670,876.9070184460004
AD1671,980.6816490520002
AD1672,277.68436102500004
AD1673,173.08168582100015
AD1674,1005.3853220399994
AD1675,233.07995993099993
AD1676,245.35539455400016
AD1677,1370.5791684699996
AD1678,518.4938602780003
AD1679,298.2442371719998
AD1680,1228.3325264400003
AD1681,124.30283901269996
AD1682,970.9336648950002
AD1683,1268.8749961800004
AD1684,526.9744535799999
AD1685,108.30098689209996
AD1686,788.3962731220003
AD1687,115.38298444239997
AD1688,767.4981680079998
AD1689,523.5039698770001
AD1690,1224.6913809899997
AD1691,1560.0315418399994
AD1692,808.6250097649992
AD1693,344.9886957209999
AD1694,148.46759169499998
AD1695,212.12515553200006
AD1696,244.33468828199983
AD1697,825.02340508
AD1698,288.7030433890001
AD1699,102.14762187440002
AD1700,1545.3744615399994
AD1701,158.10384657599994
AD1702,217.38180579599998
AD1703,376.8241248499999
AD1704,359.5411536410001
AD1705,681.9365378520001
AD1706,71.35209441800001
AD1707,845.7165498989991
AD1708,1149.9551350799995
AD1709,555.4693832510002
AD1710,251.93061673399993
AD1711,550.574932227
AD1712,238.45414200100018
AD1713,144.92456803800002
AD1714,451.45148887600027
AD1715,496.29816807199995
AD1716,263.545272788
AD1717,513.3789282510002
AD1718,164.27907701000007
AD1719,42.60801603670001
AD1720,1083.5824440199995
AD1721,920.6580103359998
AD1722,595.0279292820005
AD1723,294.737531697
AD1724,291.25454177299986
AD1725,157.54562724500002
AD1726,59.57669748919998
AD1727,746.0247722990005
AD1728,1129.2301902699992
AD1729,146.44192314800003
AD1730,954.3959890140004
AD1731,249.80916878200017
AD1732,407.945822793
AD1733,507.349875314
AD1734,283.84763839600015
AD1735,419.10194148100004
AD1736,920.617060062
AD1737,354.143095914
AD1738,997.8122283049994
AD1739,25.105639336999992
AD1740,191.9870371178001
AD1741,92.03409921650001
AD1742,166.28952778399997
AD1743,424.0296250839997
AD1744,1593.356593510001
AD1745,1273.1516198499996
AD1746,845.6518158539996
AD1747,641.2989021609999
AD1748,1438.3239932800009
AD1749,1255.8193271500004
AD1750,1038.9832592319992
AD1751,324.8246399649998
AD1752,1000.7362833870002
AD1753,1679.2637261900004
AD1754,114.91124583399993
AD1755,84.08181783390005
AD1756,43.80508781069999
AD1757,1357.7660538499988
AD1758,1252.1798529199996
AD1759,132.31964509819997
AD1760,223.10811771900006
AD1761,672.4720361159999
AD1762,229.4084682
AD1763,265.9318192949999
AD1764,281.75301049999996
AD1765,638.1896092169998
AD1766,212.78454784
AD1767,1276.3208627899999
AD1768,901.0693544179995
AD1769,344.5930070860002
AD1770,479.1443424469999
AD1771,626.1261113299998
AD1772,456.82606713399997
AD1773,382.2805174599999
AD1774,39.094683370599974
AD1775,1588.5420706700002
AD1776,1574.6957879700005
AD1777,644.5794747519998
AD1778,282.53684458200007
AD1779,302.3890224800001
AD1780,1264.8937457200002
AD1781,878.4799579820001
AD1782,1091.571762908
AD1783,185.51724528500003
AD1784,281.970370019
AD1785,910.8582749750004
AD1786,39.186522431799986
AD1787,629.8346784000006
AD1788,99.79397119180001
AD1789,139.17897359810001
AD1790,306.75035861899994
AD1791,1451.5181519799999
AD1792,1130.7437731999999
AD1793,353.452507723
AD1794,58.74111230830006
AD1795,800.7813368920002
AD1796,178.25113469299995
AD1797,960.6577782320002
AD1798,80.55575052709995
AD1799,542.46978886
AD1800,69.21276092880004
AD1801,577.561901985
AD1802,1293.7785860600002
AD1803,83.04105591489997
AD1804,103.79691710319997
AD1805,1380.4470422899994
AD1806,801.7040758049999
AD1807,225.319586404
AD1808,666.0151322919996
AD1809,134.72816938440002
AD1810,263.0937279889998
AD1811,913.165268543
AD1812,552.9928503470001
AD1813,496.472641977
AD1814,1045.2272513989985
AD1815,141.0749829760001
AD1816,631.3401603879998
AD1817,682.2122840449998
AD1818,310.405120365
AD1819,538.1779249980001
AD1820,32.76892805289998
AD1821,615.7337279930002
AD1822,140.63272339899996
AD1823,1025.1206601209997
AD1824,1745.0511929200004
AD1825,1661.4860428300015
AD1826,778.39123827
AD1827,1004.035853090999
AD1828,382.66390540499975
AD1829,986.1795226660006
AD1830,177.0148778109999
AD1831,310.09196681899994
AD1832,88.89138858639997
AD1833,958.5626080440004
AD1834,919.9187499120002
AD1835,973.382352569
AD1836,212.03253495200002
AD1837,536.1375730200001
AD1838,381.255433
AD1839,1138.018134319999
AD1840,400.7298347759997
AD1841,507.9649262020004
AD1842,342.75080886200004
AD1843,52.104299662100004
AD1844,505.02643741900005
AD1845,514.2655692249996
AD1846,548.7176231600002
AD1847,1743.4142183399993
AD1848,1462.5048474900009
AD1849,294.43074896899986
AD1850,116.74997292099995
AD1851,72.73929813519997
AD1852,32.5830630996
AD1853,733.9281091410003
AD1854,206.77274224799996
AD1855,231.33854104200003
AD1856,117.7847349372999
AD1857,257.811140213
AD1858,1044.1088322339995
AD1859,764.7458027980003
AD1860,393.0975896880002
AD1861,1060.5996318699995
AD1862,723.9875003179998
AD1863,370.09358839900005
AD1864,1140.6278826699997
AD1865,1084.5924005060003
AD1866,603.7204785662999
AD1867,744.2077819029997
AD1868,738.7528043259996
AD1869,150.1056618080001
AD1870,573.8371477679998
AD1871,623.9758368110004
AD1872,312.861661973
AD1873,397.93838650000026
AD1874,162.93038759800004
AD1875,714.5903035070002
AD1876,210.28500408399998
AD1877,338.01202957099997
AD1878,392.160035437
AD1879,212.74739606179992
AD1880,330.99897664
AD1881,287.3182009220002
AD1882,502.7050092710002
AD1883,126.75582539769992
AD1884,595.5792045180003
AD1885,73.66571742110001
AD1886,766.3939020019993
AD1887,1467.9406341400008
AD1888,175.96897782500008
AD1889,72.72212179429995
AD1890,88.13228552409996
AD1891,1280.4819299400003
AD1892,233.19717227400005
AD1893,641.7070517379996
AD1894,195.86913625899993
AD1895,443.3865148660001
AD1896,969.8119452990001
AD1897,90.3163384269
AD1898,248.54216294100007
AD1899,294.3165699569999
AD1900,718.0841348209998
AD1901,182.39673045199999
AD1902,1444.8293000400006
AD1903,55.60530814220003
AD1904,541.3644905450002
AD1905,1185.352293250001
AD1906,1085.926989559
AD1907,1051.2206891140006
AD1908,766.9269704249999
AD1909,133.89451822409998
AD1910,1491.32405479
AD1911,346.4191202647999
AD1912,261.78790370599995
AD1913,103.68340076340002
AD1914,82.88982601960001
AD1915,336.8539930510001
AD1916,617.5008966020002
AD1917,1754.8997129000008
AD1918,1133.6298865900003
AD1919,139.63082418000005
AD1920,46.314301609
AD1921,664.8630257960001
AD1922,492.2970880379995
AD1923,937.6132508989998
AD1924,116.08641717409995
AD1925,475.81333187800016
AD1926,230.6192444160001
AD1927,135.73665811499993
AD1928,469.8100825290001
AD1929,935.0443088650001
AD1930,84.08057181099996
AD1931,239.12815955400004
AD1932,657.5667562839996
AD1933,241.20950034899994
AD1934,952.8373754389999
AD1935,769.1330092859997
AD1936,409.4207580319998
AD1937,500.137697035
AD1938,779.6284383899998
AD1939,85.16018612999999
AD1940,1199.08585896
AD1941,284.49994955799997
AD1942,69.28646596519998
AD1943,1530.3919366800003
AD1944,396.1920595560003
AD1945,150.104622928
AD1946,808.6083506410005
AD1947,327.161210162
AD1948,513.1771040850002
AD1949,27.294418482899985
AD1950,1197.51989085
AD1951,761.4822010649998
AD1952,375.4009771788003
AD1953,382.26648998999997
AD1954,1222.9270087299997
AD1955,331.9138343740001
AD1956,1321.0809938500001
AD1957,143.22473815799998
AD1958,50.655734028699975
AD1959,272.476691272
AD1960,416.0896184129999
AD1961,1150.8473504800002
AD1962,32.0229705305
AD1963,304.0879092110001
AD1964,213.1695225710001
AD1965,530.7406234280005
AD1966,1060.7617873099998
AD1967,702.3455526170007
AD1968,107.84588594269995
AD1969,167.7783740110001
AD1970,1064.261697805999
AD1971,74.2195235699
AD1972,46.67452880360001
AD1973,146.73052136600006
AD1974,271.218050317
AD1975,136.19192609399997
AD1976,446.24188723299994
AD1977,1108.1946488899987
AD1978,138.69660077000003
AD1979,376.14199517099996
AD1980,264.6557984300002
AD1981,421.193706003
AD1982,528.6187617110004
AD1983,542.0210487780004
AD1984,630.2904977379999
AD1985,736.0135982130003
AD1986,116.78370053070003
AD1987,841.2924948059999
AD1988,1073.878287432
AD1989,1252.4603501499996
AD1990,630.8023181949998
AD1991,717.1151953760004
AD1992,731.3861887869998
AD1993,566.9766705929998
AD1994,327.017923047
AD1995,182.87697271899998
AD1996,309.5219429197999
AD1997,32.06759018569999
AD1998,1255.9185477299993
AD1999,470.5200539049999
AD2000,62.956002107999986
AD2001,549.8080564850003
AD2002,237.01951000100001
AD2003,352.48305331299997
AD2004,218.19351895900013
AD2005,625.5289973150003
AD2006,89.78158750569999
AD2007,729.9772963365
AD2008,242.3747038070001
AD2009,490.8179672860003
AD2010,500.08732395800007
AD2011,1080.6744511860006
AD2012,1150.5359291099994
AD2013,784.1003301500003
AD2014,1317.9594030499993
AD2015,124.14344029799999
AD2016,25.939197255800003
AD2017,250.11033715599999
AD2018,1686.01665234
AD2019,259.865616349
AD2020,400.90426606200003
AD2021,592.5738977249998
AD2022,781.8951744170001
AD2023,1124.20201561
AD2024,505.03397345499985
AD2025,634.2273597660001
AD2026,961.1809711140012
AD2027,171.53636858100003
AD2028,150.96422345000002
AD2029,538.4164325700001
AD2030,105.71434809459994
AD2031,433.7773363870003
AD2032,643.8546430539997
AD2033,716.3283178880006
AD2034,757.8945892659997
AD2035,720.4165375550004
AD2036,1425.76351003
AD2037,37.246947722399995
AD2038,612.4794520410005
AD2039,494.21401127800004
AD2040,96.67507864910003
AD2041,405.62235958100007
AD2042,539.47201546
AD2043,488.14480014400004
AD2044,98.86154183290006
AD2045,132.69520724799995
AD2046,214.05113909520003
AD2047,196.682863285
AD2048,517.4107554679999
AD2049,311.16146666580016
AD2050,1218.28416846
AD2051,358.92723701600005
AD2052,241.8438707939999
AD2053,190.28002121860004
AD2054,419.9808950159999
AD2055,572.7090351770001
AD2056,341.48122502199993
AD2057,1179.7485531100003
AD2058,279.32968328200013
AD2059,448.53895542000004
AD2060,95.26182806960006
AD2061,655.0179088779998
AD2062,268.2990623718
AD2063,997.6956547690007
AD2064,931.3315697160011
AD2065,700.0336799980005
AD2066,108.47218560769997
AD2067,1328.2005688599993
AD2068,418.5318909610001
AD2069,446.7922764020005
AD2070,129.20605502510003
AD2071,990.3033267420003
AD2072,1323.4911246400006
AD2073,177.72261027699994
AD2074,636.6469427460005
AD2075,1102.4157136630004
AD2076,1222.03679253
AD2077,979.233360758
AD2078,190.6110794999999
AD2079,796.4220255440002
AD2080,500.49635357399995
AD2081,838.3728184539998
AD2082,69.75526750190002
AD2083,599.1888444659998
AD2084,1715.0317035400003
AD2085,355.91036545699995
AD2086,596.1964936029998
AD2087,563.1308207969997
AD2088,519.0099718060003
AD2089,588.2693025380007
AD2090,48.09664985660002
AD2091,598.9528385500001
AD2092,211.8380808580001
AD2093,334.5391639860001
AD2094,326.94563046900004
AD2095,307.5517121829997
AD2096,397.36961098300003
AD2097,522.9974100380001
AD2098,720.01993461
AD2099,290.99394727999993
AD2100,477.42800888100044
AD2101,1305.744015260001
AD2102,969.4125168710002
AD2103,852.7231585520002
AD2104,115.79012846790003
AD2105,405.1702850660003
AD2106,550.5983009360002
AD2107,261.1084415030001
AD2108,281.7689176619999
AD2109,181.69836829099992
AD2110,205.08995443700013
AD2111,823.9674262919999
AD2112,798.8997041460008
AD2113,1255.73782594
AD2114,27.565963388399993
AD2115,952.8763744069995
AD2116,952.2638404560001
AD2117,425.055387716
AD2118,418.58721037500015
AD2119,397.5440240439999
AD2120,152.0959365110001
AD2121,75.58314892979998
AD2122,756.5967752650008
AD2123,694.7852102679999
AD2124,1216.095905529999
AD2125,306.625763785
AD2126,185.59123059399994
AD2127,155.25781053400001
AD2128,151.62552197300002
AD2129,115.59488253789998
AD2130,261.8339553
AD2131,31.517739567499987
AD2132,48.09451370190001
AD2133,1139.661892750001
AD2134,580.4745661300003
AD2135,94.3092503158
AD2136,671.8394122170002
AD2137,1191.6178086900009
AD2138,1297.0882219300004
AD2139,504.8811677530001
AD2140,723.3408285889999
AD2141,783.6659734539996
AD2142,771.966597823
AD2143,809.1443523869996
AD2144,1475.6024209400007
AD2145,1080.005749917
AD2146,451.0404371689999
AD2147,1024.2140682700006
AD2148,370.4671964809999
AD2149,227.18853710000008
AD2150,422.1876972669999
AD2151,325.16147137
AD2152,223.490113167
AD2153,617.3358080359998
AD2154,1127.7535929299995
AD2155,1002.1656247340009
AD2156,205.50922840100014
AD2157,101.95785013700008
AD2158,586.6738694069998
AD2159,693.8241683339999
AD2160,1160.1739089299995
AD2161,441.2874997699999
AD2162,720.4917537179998
AD2163,94.57614715670003
AD2164,663.9676393539999
AD2165,94.53455895379999
AD2166,138.61354358889986
AD2167,1549.4071110500008
AD2168,469.52204896699993
AD2169,1131.1431145939998
AD2170,1279.3419227300003
AD2171,111.18342673820007
AD2172,866.4375616189998
AD2173,945.0454746530003
AD2174,1024.1634322700008
AD2175,150.59887624399994
AD2176,576.7542040349998
AD2177,1224.2583925499996
AD2178,409.998991317
AD2179,969.2402082060001
AD2180,1002.1870090889997
AD2181,184.21183665700005
AD2182,231.1614286807999
AD2183,195.1997558436
AD2184,663.954829412
AD2185,1065.7084211449996
AD2186,375.1694487489998
AD2187,292.240991184
AD2188,713.9172077969997
AD2189,267.1541943620001
AD2190,227.71068284800003
AD2191,1730.3599960500003
AD2192,643.888446864
AD2193,96.02697089420003
AD2194,355.1605109259999
AD2195,368.6487659160001
AD2196,337.57208597100004
AD2197,364.1181154840001
AD2198,1412.8233670000004
AD2199,623.3619513550003
AD2200,585.8014806270004
AD2201,256.22856160900005
AD2202,1103.8532108800002
AD2203,169.34096684000008
AD2204,295.49609926400007
AD2205,531.0255120300001
AD2206,223.32025389699993
AD2207,134.1415103690001
AD2208,327.33812036400013
AD2209,308.77333915200006
AD2210,285.22332070899995
AD2211,406.18929739600003
AD2212,758.6970282399997
AD2213,453.87551600300003
AD2214,766.8797542769996
AD2215,185.68240059599992
AD2216,149.82753574500003
AD2217,660.7364651579998
AD2218,791.5003912290001
AD2219,699.8770296720006
AD2220,427.148769012
AD2221,428.03760573999983
AD2222,224.19446714999995
AD2223,513.7013222020007
AD2224,646.7812845240002
AD2225,219.310221985
AD2226,195.04362589600004
AD2227,309.5190405869999
AD2228,142.44907038300008
AD2229,319.46925886500003
AD2230,1513.3851085600002
AD2231,104.20449714159994
AD2232,724.4675649009998
AD2233,378.5620962209998
AD2234,976.6747672359998
AD2235,304.649175964
AD2236,206.156465454
AD2237,827.636873136
AD2238,270.926355714
AD2239,396.87947611499993
AD2240,216.95671779099993
AD2241,1568.6978587000006
AD2242,79.30287489369998
AD2243,178.168713262
AD2244,1238.2898141300004
AD2245,122.86494976019998
AD2246,277.12784403820007
AD2247,268.23304840599997
AD2248,731.3464071299998
AD2249,195.854427875
AD2250,85.74519079219998
AD2251,398.4101599329999
AD2252,988.8197167489998
AD2253,176.57233813599996
AD2254,362.6350406950002
AD2255,659.518647408
AD2256,753.43730231
AD2257,218.67014767899994
AD2258,526.6920253730003
AD2259,729.1428500419997
AD2260,226.6846102916
AD2261,740.9076927400002
AD2262,165.66576850900012
AD2263,189.29522102380008
AD2264,295.1838751950001
AD2265,813.2597205410004
AD2266,1017.837426711
AD2267,1645.6353042399996
AD2268,835.2859877799996
AD2269,164.03472690999988
AD2270,665.2302520140005
AD2271,746.5712360659999
AD2272,723.4918972820003
AD2273,714.322630774
AD2274,196.1823934682001
AD2275,124.02342776789992
AD2276,665.5358230919999
AD2277,387.30766978899976
AD2278,371.4260093909999
AD2279,1911.7329336
AD2280,888.4954420130001
AD2281,174.60287267100014
AD2282,1564.8059900699993
AD2283,91.40272239040003
AD2284,354.17360139199997
AD2285,404.1791221649999
AD2286,950.2770621159999
AD2287,536.5542804559997
AD2288,450.6478543689999
AD2289,876.8261274610006
AD2290,509.58812213899984
AD2291,188.07645605900004
AD2292,916.9604510220001
AD2293,236.89267738799998
AD2294,687.674765443
AD2295,151.47406955199997
AD2296,68.45275978519994
AD2297,813.0383581360002
AD2298,122.91694396039992
AD2299,1237.465449399999
AD2300,879.7590302249998
AD2301,218.6780429305001
AD2302,246.88732445499983
AD2303,496.2307112759999
AD2304,1024.8084998799989
AD2305,964.3163717460004
AD2306,509.73090785900007
AD2307,1420.6789698800003
AD2308,220.483019994
AD2309,262.3161068540002
AD2310,1231.20941409
AD2311,880.673796579
AD2312,428.92486306300003
AD2313,351.8510266990002
AD2314,737.0303940310001
AD2315,746.895242611
AD2316,1100.7245594489996
AD2317,573.3935359120002
AD2318,120.13832054070006
AD2319,488.42860645199994
AD2320,920.0293796140005
AD2321,781.55326439
AD2322,414.1000586290001
AD2323,233.09729507
AD2324,132.3580173630001
AD2325,250.21289977100008
AD2326,899.4360509860005
AD2327,441.66789865700014
AD2328,445.99388955800015
AD2329,434.2205289489998
AD2330,136.09395487799998
AD2331,142.1757932350001
AD2332,352.0637763189998
AD2333,191.77752927400005
AD2334,59.156465861299964
AD2335,140.18770612000003
AD2336,1240.4760146099998
AD2337,104.39736936700002
AD2338,146.116947977
AD2339,885.721809188
AD2340,119.71209739180006
AD2341,450.9678968040004
AD2342,508.0892226043002
AD2343,1469.7661016000004
AD2344,297.4963836670002
AD2345,969.8657654230004
AD2346,251.95071870899991
AD2347,431.19931909800005
AD2348,124.56098042020005
AD2349,594.5855940820003
AD2350,1136.93013181
AD2351,575.0417484949999
AD2352,1387.08754342
AD2353,86.9404734213
AD2354,143.926936186
AD2355,34.93497800679999
AD2356,631.1704110820003
AD2357,137.5404218078
AD2358,183.391342882
AD2359,603.1672215479999
AD2360,1181.3375749600004
AD2361,178.42075525900003
AD2362,518.9516603379997
AD2363,380.8981715499998
AD2364,72.25872260399994
AD2365,158.99725086209995
AD2366,207.78690521800007
AD2367,768.7594637059999
AD2368,90.32777768479997
AD2369,270.6883457379999
AD2370,94.78920376919997
AD2371,129.68552739599997
AD2372,934.6528937870005
AD2373,62.746709867
AD2374,312.7906713340002
AD2375,211.0405552510002
AD2376,517.1658284510008
AD2377,840.4764917229996
AD2378,291.356245883
AD2379,39.4442278308
AD2380,347.93369619
AD2381,224.19526017900003
AD2382,27.9183092416
AD2383,276.56977637899973
AD2384,598.9202385829997
AD2385,622.5766077970001
AD2386,560.8312621690001
AD2387,534.6186089510003
AD2388,673.9721913769998
AD2389,186.96981464500013
AD2390,682.8980502680005
AD2391,1293.78034635
AD2392,161.43465352399997
AD2393,547.3547708630001
AD2394,586.4373857830001
AD2395,556.051178318
AD2396,556.01403375
AD2397,605.1568905290002
AD2398,564.0512649190002
AD2399,542.541847831
AD2400,560.617449661
AD2401,569.314760717
AD2402,530.3874750730001
AD2403,546.7293449970001
AD2404,557.7448952730001
AD2405,540.7972691350003
AD2406,554.7350415120002
AD2407,533.4121998904998
AD2408,571.689618631
AD2409,561.0819440939999
AD2410,509.0308179596
AD2411,289.4024593820002
AD2412,622.3806118910002
AD2413,362.27642230499987
AD2414,1712.200920150001
AD2415,673.7788274509999
AD2416,306.6866142859998
AD2417,509.76819921799995
AD2418,1015.2349655669999
AD2419,660.6061446910005
AD2420,641.2890285039997
AD2421,1003.6931780910006
AD2422,360.5055529428001
AD2423,423.70421322800024
AD2424,436.2813871349999
AD2425,169.67516630299997
AD2426,715.5795248259998
AD2427,256.55265603699985
AD2428,767.1917723830006
AD2429,392.3175692569998
AD2430,455.8080473069999
AD2431,957.3885868269999
AD2432,644.1367632189998
AD2433,62.09600539339999
AD2434,994.7029034569999
AD2435,1722.8229272800004
AD2436,602.228836396
AD2437,1214.5218227599994
AD2438,187.76800750900006
AD2439,118.81520456490003
AD2440,478.7471953297998
AD2441,1240.9717262899999
AD2442,290.0448322710002
AD2443,107.01527418700003
AD2444,499.09290768
AD2445,153.77422086200013
AD2446,126.54730170200004
AD2447,821.4550680039994
AD2448,564.714143952
AD2449,802.158423189
AD2450,723.7839208509998
AD2451,343.20153008800014
AD2452,1560.5655868999997
AD2453,786.3141404579993
AD2454,233.73733300400008
AD2455,136.3210051408
AD2456,251.0798597750001
AD2457,602.9816529970004
AD2458,1202.62659042
AD2459,229.22280708620002
AD2460,97.8354429865
AD2461,196.88346596199995
AD2462,297.30189166100007
AD2463,658.906240573
AD2464,141.1742846396999
AD2465,328.51638450200005
AD2466,312.99966450500006
AD2467,1524.79414708
AD2468,551.534633973
AD2469,892.092840628
AD2470,644.8861776639999
AD2471,206.98447836600005
AD2472,137.8178125717
AD2473,665.0449601099999
AD2474,69.80439921270003
AD2475,265.71209975199986
AD2476,839.8911178999997
AD2477,425.78506814300016
AD2478,74.53431131539996
AD2479,339.33786219999996
AD2480,177.25827573700008
AD2481,635.806314469
AD2482,194.18306961500016
AD2483,785.5884885829996
AD2484,66.86952124110002
AD2485,794.444264
AD2486,1594.4411109500008
AD2487,920.3719115870003
AD2488,95.80552232710005
AD2489,1655.9904337600005
AD2490,1429.5875356800004
AD2491,1059.5815189590003
AD2492,518.2850038443
AD2493,139.69015148299997
AD2494,35.124194621699964
AD2495,297.641152406
AD2496,446.3281373660003
AD2497,695.5231686650003
AD2498,206.22507040999994
AD2499,527.6463977670002
AD2500,196.76921367800006
AD2501,645.988181873
AD2502,699.3105407800001
AD2503,995.3179265359998
AD2504,1198.3258741799996
AD2505,197.46988258399978
AD2506,666.3273939269997
AD2507,354.773935366
AD2508,947.7101569150001
AD2509,142.08901504899995
AD2510,429.8682060369998
AD2511,502.9483582859999
AD2512,551.2072757370001
AD2513,311.60027246700014
AD2514,182.94658582400004
AD2515,240.93553618900006
AD2516,721.384574455
AD2517,292.29940895199996
AD2518,798.6874393420006
AD2519,301.8004427180001
AD2520,694.3577747170001
AD2521,151.54259475500004
AD2522,1123.5963754699997
AD2523,1658.4495851500003
AD2524,126.493515209
AD2525,1321.2148789800003
AD2526,1577.5561734000012
AD2527,1173.5957312999994
AD2528,608.618643828
AD2529,396.9094357290001
AD2530,290.8524234291999
AD2531,368.360625692
AD2532,557.909375754
AD2533,775.6822185540003
AD2534,874.9356842989998
AD2535,135.17077974500017
AD2536,342.4892379950002
AD2537,1047.4170616200004
AD2538,173.500204717
AD2539,36.46256126629997
AD2540,1190.891889250001
AD2541,158.09785263100005
AD2542,1096.4880539899998
AD2543,346.63627349899997
AD2544,1170.6989886000008
AD2545,61.08462985099999
AD2546,940.7428038400001
AD2547,907.2536954970003
AD2548,587.1944882740004
AD2549,624.6619980920002
AD2550,416.92898424200007
AD2551,480.8918777590001
AD2552,574.2463473269999
AD2553,87.05087467679998
AD2554,495.4772766779996
AD2555,189.54848868700014
AD2556,121.10844827040005
AD2557,1202.828342279999
AD2558,562.432302228
AD2559,461.8387869509998
AD2560,1325.5353978399999
AD2561,1536.2079177599994
AD2562,900.1969086489996
AD2563,901.7473989379992
AD2564,400.6876555950001
AD2565,1333.3473928600006
AD2566,362.2297400480002
AD2567,1441.8244444099994
AD2568,1438.6221247200008
AD2569,222.34938471199993
AD2570,540.4158404840001
AD2571,539.0135607779999
AD2572,412.25380857619996
AD2573,36.57906077530001
AD2574,166.70014462300003
AD2575,337.13769486100006
AD2576,201.562135707
AD2577,952.3343114460002
AD2578,592.1080565420006
AD2579,166.98886970799995
AD2580,392.5606127440001
AD2581,238.42786098100012
AD2582,1062.2957304319998
AD2583,914.6707317480004
AD2584,318.5307222090001
AD2585,287.20148614900006
AD2586,454.6371940210001
AD2587,49.57970814929999
AD2588,896.1194953689998
AD2589,585.3048022090002
AD2590,670.5766943929997
AD2591,580.0363671169998
AD2592,87.86239420700002
AD2593,63.00820908219998
AD2594,752.0608751310006
AD2595,723.5277209619999
AD2596,255.45542807500001
AD2597,272.2490240870001
AD2598,1650.2291123199998
AD2599,717.8349457150002
AD2600,565.4975685760002
AD2601,131.90971271499993
AD2602,362.4568594060002
AD2603,214.47882844400002
AD2604,978.7886266680002
AD2605,541.0233816809999
AD2606,375.1635902
AD2607,669.7427113589999
AD2608,326.8693130449999
AD2609,276.556695907
AD2610,1724.7582738400013
AD2611,717.5802424269998
AD2612,230.105378281
AD2613,464.9010281479998
AD2614,227.58897021100006
AD2615,34.231914540399984
AD2616,206.29995061900004
AD2617,450.68944749199994
AD2618,415.4215030429999
AD2619,250.05784649499986
AD2620,235.24938237699993
AD2621,954.385082469
AD2622,344.757240879
AD2623,952.1763284690002
AD2624,1118.425190029
AD2625,1795.3362903999996
AD2626,764.975147521
AD2627,797.2296676949996
AD2628,114.12087590120005
AD2629,1382.8324103699997
AD2630,478.4093567390005
AD2631,704.3678829229998
AD2632,206.63666531870007
AD2633,635.9060419310001
AD2634,539.4488886799995
AD2635,121.57964386069993
AD2636,820.581375111
AD2637,1009.5107077020003
AD2638,98.67780033380002
AD2639,119.64724866490002
AD2640,1295.69593368
AD2641,1045.2325839480002
AD2642,1069.5496688290002
AD2643,32.21229003089998
AD2644,172.63711141599998
AD2645,1706.9855480600008
AD2646,752.3600708919998
AD2647,656.2488579839998
AD2648,116.0596542125
AD2649,1120.6826540299994
AD2650,1307.8519624200005
AD2651,840.0110820589999
AD2652,240.760120044
AD2653,1013.1504369409995
AD2654,1650.6764035400015
AD2655,140.39421869260002
AD2656,539.6892153299996
AD2657,211.21999490799993
AD2658,879.8591879550004
AD2659,887.9336809289998
AD2660,255.26083108999995
AD2661,623.2499733379999
AD2662,1282.6123422200005
AD2663,1365.699768449999
AD2664,391.1388877840002
AD2665,98.57627447620007
AD2666,681.2713949260001
AD2667,762.8858664470001
AD2668,1603.63504553
AD2669,204.94406836180005
AD2670,137.78145071
AD2671,443.9071121789999
AD2672,951.2391071440006
AD2673,149.91763276449998
AD2674,359.95290180199993
AD2675,481.9527582389998
AD2676,74.40877105919999
AD2677,741.8723701059997
AD2678,155.59771682899998
AD2679,1214.7975204800005
AD2680,628.5466324769999
AD2681,1117.3219426099997
AD2682,313.0004654029999
AD2683,288.538637497
AD2684,154.0531130678
AD2685,155.13339212710002
AD2686,654.845149127
AD2687,780.7731264390001
AD2688,1031.0331439309996
AD2689,794.7231077179998
AD2690,219.3399974470002
AD2691,534.9938711499998
AD2692,144.706646568
AD2693,373.12169099799985
AD2694,1503.2303781199994
AD2695,225.43026304200015
AD2696,160.25450599500002
AD2697,444.8815643999999
AD2698,295.226024512
AD2699,81.98795208529998
AD2700,389.019542781
AD2701,134.08258252890005
AD2702,574.0869383760004
AD2703,64.56286923189995
AD2704,603.1417092500003
AD2705,1220.8403387600003
AD2706,257.25458101299984
AD2707,216.67337749979993
AD2708,69.86554672749999
AD2709,1146.4986427000001
AD2710,1580.494410159999
AD2711,357.0951018809999
AD2712,776.8628878869998
AD2713,1322.65771897
AD2714,326.4454755560001
AD2715,218.40213936400008
AD2716,499.37793264200013
AD2717,1087.3862670690003
AD2718,308.91626099300015
AD2719,188.19306015499996
AD2720,1160.0097494499992
AD2721,567.1239284670003
AD2722,304.48277241300013
AD2723,47.71966075539999
AD2724,124.55152414269996
AD2725,472.86368488700003
AD2726,478.93710450499987
AD2727,169.54830999610013
AD2728,188.37219003800016
AD2729,334.912473531
AD2730,1217.8619457000002
AD2731,290.66903916000024
AD2732,59.58085970810001
AD2733,1138.1498068499995
AD2734,138.3210648223
AD2735,551.4203036030001
AD2736,536.5824580220001
AD2737,358.4844978699998
AD2738,1309.5711497100006
